file,entry,value
6,0,0.7685799644136396
6,1,0.2774181466997797
6,2,0.587689676489005
6,3,0.6712126243806089
6,4,0.1931514858774197
6,5,0.37633149855335724
6,6,0.656811795140506
6,7,0.49700431443013904
6,8,0.3436956517971933
6,9,0.8320095101199136
