file,entry,value
2,0,0.4503463478172123
2,1,0.19052616705685554
2,2,0.4418343208318143
2,3,0.7484246870414969
2,4,0.5699193782644215
2,5,0.0004914242900412313
2,6,0.5768434684172143
2,7,0.3928678204524263
2,8,0.018116658563977373
2,9,0.7856451109680299
