file,entry,value
8,0,0.6222067819000497
8,1,0.6059670773297309
8,2,0.7327920789694803
8,3,0.990150768580672
8,4,0.408881382622738
8,5,0.6497327020372708
8,6,0.7428560248780556
8,7,0.6649536903578371
8,8,0.7677127637140488
8,9,0.5196905112719705
