file,entry,value
5,0,0.9015931111297064
5,1,0.7735360184614742
5,2,0.7944572844279706
5,3,0.3080699939616448
5,4,0.07695251557812954
5,5,0.051062876800816115
5,6,0.6803083875377974
5,7,0.2475109408518683
5,8,0.1895383923634807
5,9,0.31755792937790084
