file,entry,value
9,0,0.2580912805624166
9,1,0.6691643493885697
9,2,0.3088602807085169
9,3,0.5400204281139097
9,4,0.1196890782901825
9,5,0.6031687193227656
9,6,0.2963981293803126
9,7,0.526563124509813
9,8,0.4289856789876624
9,9,0.2749131228510473
