file,entry,value
0,0,0.7182554806478587
0,1,0.35185255409763516
0,2,0.1523902705790804
0,3,0.028628351084689974
0,4,0.09214753265782116
0,5,0.9839276813549253
0,6,0.4476905943253956
0,7,0.4338306408562461
0,8,0.7994367099979525
0,9,0.09141900095224587
