file,entry,value
7,0,0.13011684042888505
7,1,0.5596016748690329
7,2,0.5091147036889236
7,3,0.653507135642483
7,4,0.1493365064157015
7,5,0.013290206902333068
7,6,0.9277737582076022
7,7,0.8683308540881909
7,8,0.605929700595659
7,9,0.5835374478032112
