file,entry,value
3,0,0.9290069323354666
3,1,0.6828870204398154
3,2,0.9187514832235246
3,3,0.26594068620307487
3,4,0.4852247727201
3,5,0.5759933813516023
3,6,0.47988409610144156
3,7,0.44348640280881324
3,8,0.13164559983500568
3,9,0.4744242426292956
