file,entry,value
4,0,0.284880822564786
4,1,0.5309246776777672
4,2,0.17025178918642636
4,3,0.9309087095488695
4,4,0.6812998217738366
4,5,0.922858660988528
4,6,0.32570045048695817
4,7,0.805371749927258
4,8,0.8708809461203331
4,9,0.8151450439007268
