file,entry,value
1,0,0.20298086812516647
1,1,0.014069377343918887
1,2,0.17351413805586835
1,3,0.6698614778437988
1,4,0.7208251771755838
1,5,0.029410439362734353
1,6,0.7181160141604481
1,7,0.3745767282023541
1,8,0.9024797666558414
1,9,0.7456745119628251
